{"jplag_version":{"major":6,"minor":0,"patch":0},"submission_folder_path":["C:\\Users\\hakan\\OneDrive\\Masaüstü\\deneme\\uploads\\jplag2"],"base_code_folder_path":"","language":"python3","file_extensions":[".py"],"submission_id_to_display_name":{"Veysel İmrak":"Veysel İmrak","Hakan Değer":"Hakan Değer","Efe Değer":"Efe Değer"},"submission_ids_to_comparison_file_name":{"Veysel İmrak":{"Hakan Değer":"Hakan Değer-Veysel İmrak.json","Efe Değer":"Efe Değer-Veysel İmrak.json"},"Hakan Değer":{"Veysel İmrak":"Hakan Değer-Veysel İmrak.json","Efe Değer":"Efe Değer-Hakan Değer.json"},"Efe Değer":{"Veysel İmrak":"Efe Değer-Veysel İmrak.json","Hakan Değer":"Efe Değer-Hakan Değer.json"}},"failed_submission_names":[],"excluded_files":[],"match_sensitivity":12,"date_of_execution":"28/04/25","execution_time":28,"distributions":{"AVG":[2,0,0,0,0,0,0,0,0,0,0,0,0,0,0,0,0,0,0,0,0,0,0,0,0,0,0,0,0,0,0,0,0,0,0,0,0,0,0,0,0,0,0,0,0,0,0,0,0,0,0,0,0,0,0,0,0,0,0,0,0,0,0,0,0,0,0,0,0,0,0,0,0,0,0,0,0,0,0,0,0,0,0,0,0,0,0,0,0,0,0,0,0,0,0,0,0,0,0,1],"MIN":[2,0,0,0,0,0,0,0,0,0,0,0,0,0,0,0,0,0,0,0,0,0,0,0,0,0,0,0,0,0,0,0,0,0,0,0,0,0,0,0,0,0,0,0,0,0,0,0,0,0,0,0,0,0,0,0,0,0,0,0,0,0,0,0,0,0,0,0,0,0,0,0,0,0,0,0,0,0,0,0,0,0,0,0,0,0,0,0,0,0,0,0,0,0,0,0,0,0,0,1],"INTERSECTION":[2,0,0,0,0,0,0,0,0,0,0,0,0,0,0,0,0,0,0,0,0,0,0,0,0,0,0,0,0,0,0,0,0,0,0,0,0,0,0,0,0,0,0,0,0,0,0,0,0,0,0,0,0,0,0,0,0,0,0,0,0,0,0,0,0,0,0,0,0,0,0,0,0,0,0,0,0,0,0,0,0,0,0,0,0,0,0,0,0,0,0,0,0,0,0,0,0,0,0,1],"MAX":[2,0,0,0,0,0,0,0,0,0,0,0,0,0,0,0,0,0,0,0,0,0,0,0,0,0,0,0,0,0,0,0,0,0,0,0,0,0,0,0,0,0,0,0,0,0,0,0,0,0,0,0,0,0,0,0,0,0,0,0,0,0,0,0,0,0,0,0,0,0,0,0,0,0,0,0,0,0,0,0,0,0,0,0,0,0,0,0,0,0,0,0,0,0,0,0,0,0,0,1]},"top_comparisons":[{"first_submission":"Hakan Değer","second_submission":"Veysel İmrak","similarities":{"AVG":1.0,"MAX":1.0}},{"first_submission":"Efe Değer","second_submission":"Veysel İmrak","similarities":{"AVG":0.0,"MAX":0.0}},{"first_submission":"Efe Değer","second_submission":"Hakan Değer","similarities":{"AVG":0.0,"MAX":0.0}}],"clusters":[],"total_comparisons":3}