{"id1":"Hakan Değer","id2":"Hakan d","similarities":{"MAX":0.6346153846153846,"AVG":0.5365853658536586},"matches":[{"firstFile":"Hakan Değer\\upload.py","secondFile":"Hakan d\\upload.py","startInFirst":{"line":53,"column":8,"tokenListIndex":71},"endInFirst":{"line":74,"column":27,"tokenListIndex":103},"startInSecond":{"line":103,"column":8,"tokenListIndex":109},"endInSecond":{"line":126,"column":27,"tokenListIndex":141},"tokens":33},{"firstFile":"Hakan Değer\\upload.py","secondFile":"Hakan d\\upload.py","startInFirst":{"line":3,"column":0,"tokenListIndex":0},"endInFirst":{"line":17,"column":30,"tokenListIndex":18},"startInSecond":{"line":3,"column":0,"tokenListIndex":0},"endInSecond":{"line":23,"column":30,"tokenListIndex":18},"tokens":19},{"firstFile":"Hakan Değer\\upload.py","secondFile":"Hakan d\\upload.py","startInFirst":{"line":23,"column":0,"tokenListIndex":39},"endInFirst":{"line":39,"column":10,"tokenListIndex":52},"startInSecond":{"line":37,"column":0,"tokenListIndex":45},"endInSecond":{"line":65,"column":24,"tokenListIndex":58},"tokens":14}],"first_similarity":0.6346153846153846,"second_similarity":0.4647887323943662}