{"jplag_version":{"major":6,"minor":0,"patch":0},"submission_folder_path":["C:\\Users\\hakan\\OneDrive\\Masaüstü\\deneme\\uploads\\jplag4"],"base_code_folder_path":"","language":"csharp","file_extensions":[".cs",".CS"],"submission_id_to_display_name":{"Hakan Değer":"Hakan Değer","Selim İnanır":"Selim İnanır","Emre Almamış":"Emre Almamış"},"submission_ids_to_comparison_file_name":{"Hakan Değer":{"Selim İnanır":"Hakan Değer-Selim İnanır.json","Emre Almamış":"Emre Almamış-Hakan Değer.json"},"Selim İnanır":{"Hakan Değer":"Hakan Değer-Selim İnanır.json","Emre Almamış":"Emre Almamış-Selim İnanır.json"},"Emre Almamış":{"Hakan Değer":"Emre Almamış-Hakan Değer.json","Selim İnanır":"Emre Almamış-Selim İnanır.json"}},"failed_submission_names":[],"excluded_files":[],"match_sensitivity":8,"date_of_execution":"17/05/25","execution_time":27,"distributions":{"AVG":[2,0,0,0,0,0,0,0,0,0,0,0,0,0,0,0,0,0,0,0,0,0,0,0,0,0,0,0,0,0,0,0,0,0,0,0,0,0,0,0,0,0,0,0,0,0,0,0,0,0,0,0,0,0,0,0,0,0,0,0,1,0,0,0,0,0,0,0,0,0,0,0,0,0,0,0,0,0,0,0,0,0,0,0,0,0,0,0,0,0,0,0,0,0,0,0,0,0,0,0],"MIN":[2,0,0,0,0,0,0,0,0,0,0,0,0,0,0,0,0,0,0,0,0,0,0,0,0,0,0,0,0,0,0,0,0,0,0,0,0,0,0,0,0,0,0,0,0,0,0,0,0,0,0,0,0,0,0,0,0,0,0,0,1,0,0,0,0,0,0,0,0,0,0,0,0,0,0,0,0,0,0,0,0,0,0,0,0,0,0,0,0,0,0,0,0,0,0,0,0,0,0,0],"INTERSECTION":[2,0,0,0,0,0,0,0,0,0,0,0,0,0,0,0,0,0,0,0,0,0,0,0,0,0,0,0,0,0,0,0,0,0,0,0,0,0,0,0,0,0,0,0,0,0,0,0,0,0,0,0,0,0,0,0,0,0,0,0,0,0,0,0,0,0,0,0,0,0,0,0,0,0,0,0,0,0,0,0,0,0,0,0,0,0,0,0,0,0,0,0,0,0,0,0,0,0,0,1],"MAX":[2,0,0,0,0,0,0,0,0,0,0,0,0,0,0,0,0,0,0,0,0,0,0,0,0,0,0,0,0,0,0,0,0,0,0,0,0,0,0,0,0,0,0,0,0,0,0,0,0,0,0,0,0,0,0,0,0,0,0,0,1,0,0,0,0,0,0,0,0,0,0,0,0,0,0,0,0,0,0,0,0,0,0,0,0,0,0,0,0,0,0,0,0,0,0,0,0,0,0,0]},"top_comparisons":[{"first_submission":"Hakan Değer","second_submission":"Selim İnanır","similarities":{"MAX":0.6,"AVG":0.6}},{"first_submission":"Emre Almamış","second_submission":"Hakan Değer","similarities":{"MAX":0.0,"AVG":0.0}},{"first_submission":"Emre Almamış","second_submission":"Selim İnanır","similarities":{"MAX":0.0,"AVG":0.0}}],"clusters":[],"total_comparisons":3}