{"jplag_version":{"major":6,"minor":1,"patch":0},"submission_folder_path":["C:\\Users\\hakan\\OneDrive\\Masaüstü\\deneme\\uploads\\jplagtest 3"],"base_code_folder_path":"","language":"python3","file_extensions":[".py"],"submission_id_to_display_name":{"Hakan Değer":"Hakan Değer","Hakan d":"Hakan d"},"submission_ids_to_comparison_file_name":{"Hakan Değer":{"Hakan d":"Hakan Değer-Hakan d.json"},"Hakan d":{"Hakan Değer":"Hakan Değer-Hakan d.json"}},"failed_submission_names":[],"excluded_files":[],"match_sensitivity":12,"date_of_execution":"03/06/25","execution_time":77,"distributions":{"AVG":[0,0,0,0,0,0,0,0,0,0,0,0,0,0,0,0,0,0,0,0,0,0,0,0,0,0,0,0,0,0,0,0,0,0,0,0,0,0,0,0,0,0,0,0,0,0,0,0,0,0,0,0,0,1,0,0,0,0,0,0,0,0,0,0,0,0,0,0,0,0,0,0,0,0,0,0,0,0,0,0,0,0,0,0,0,0,0,0,0,0,0,0,0,0,0,0,0,0,0,0],"MIN":[0,0,0,0,0,0,0,0,0,0,0,0,0,0,0,0,0,0,0,0,0,0,0,0,0,0,0,0,0,0,0,0,0,0,0,0,0,0,0,0,0,0,0,0,0,0,1,0,0,0,0,0,0,0,0,0,0,0,0,0,0,0,0,0,0,0,0,0,0,0,0,0,0,0,0,0,0,0,0,0,0,0,0,0,0,0,0,0,0,0,0,0,0,0,0,0,0,0,0,0],"INTERSECTION":[0,0,0,0,0,0,0,0,0,0,0,0,0,0,0,0,0,0,0,0,0,0,0,0,0,0,0,0,0,0,0,0,0,0,0,0,0,0,0,0,0,0,0,0,0,0,0,0,0,0,0,0,0,0,0,0,0,0,0,0,0,0,0,0,0,0,0,0,0,0,0,0,0,0,0,0,0,0,0,0,0,0,0,0,0,0,0,0,0,0,0,0,0,0,0,0,0,0,0,1],"MAX":[0,0,0,0,0,0,0,0,0,0,0,0,0,0,0,0,0,0,0,0,0,0,0,0,0,0,0,0,0,0,0,0,0,0,0,0,0,0,0,0,0,0,0,0,0,0,0,0,0,0,0,0,0,0,0,0,0,0,0,0,0,0,0,1,0,0,0,0,0,0,0,0,0,0,0,0,0,0,0,0,0,0,0,0,0,0,0,0,0,0,0,0,0,0,0,0,0,0,0,0]},"top_comparisons":[{"first_submission":"Hakan Değer","second_submission":"Hakan d","similarities":{"AVG":0.5365853658536586,"MAX":0.6346153846153846}}],"clusters":[],"total_comparisons":1}