{"id1":"Hakan Değer","id2":"Hakan d","similarities":{"MAX":0.6190476190476191,"AVG":0.23423423423423423},"matches":[{"firstFile":"Hakan Değer\\AuthController.cs","secondFile":"Hakan d\\UserController.cs","startInFirst":{"line":4,"column":0,"tokenListIndex":3},"endInFirst":{"line":18,"column":50,"tokenListIndex":15},"startInSecond":{"line":1,"column":0,"tokenListIndex":0},"endInSecond":{"line":14,"column":50,"tokenListIndex":12},"tokens":13}],"first_similarity":0.6190476190476191,"second_similarity":0.14444444444444443}