{"jplag_version":{"major":6,"minor":0,"patch":0},"submission_folder_path":["C:\\Users\\hakan\\OneDrive\\Masaüstü\\deneme\\uploads\\jplag"],"base_code_folder_path":"","language":"python3","file_extensions":[".py"],"submission_id_to_display_name":{"Veysel İmrak":"Veysel İmrak","Hakan Değer":"Hakan Değer","Selim İnanır":"Selim İnanır"},"submission_ids_to_comparison_file_name":{"Veysel İmrak":{"Hakan Değer":"Veysel İmrak-Hakan Değer.json","Selim İnanır":"Veysel İmrak-Selim İnanır.json"},"Hakan Değer":{"Veysel İmrak":"Veysel İmrak-Hakan Değer.json","Selim İnanır":"Hakan Değer-Selim İnanır.json"},"Selim İnanır":{"Veysel İmrak":"Veysel İmrak-Selim İnanır.json","Hakan Değer":"Hakan Değer-Selim İnanır.json"}},"failed_submission_names":[],"excluded_files":[],"match_sensitivity":12,"date_of_execution":"29/05/25","execution_time":39,"distributions":{"AVG":[2,0,0,0,0,1,0,0,0,0,0,0,0,0,0,0,0,0,0,0,0,0,0,0,0,0,0,0,0,0,0,0,0,0,0,0,0,0,0,0,0,0,0,0,0,0,0,0,0,0,0,0,0,0,0,0,0,0,0,0,0,0,0,0,0,0,0,0,0,0,0,0,0,0,0,0,0,0,0,0,0,0,0,0,0,0,0,0,0,0,0,0,0,0,0,0,0,0,0,0],"MIN":[2,0,0,1,0,0,0,0,0,0,0,0,0,0,0,0,0,0,0,0,0,0,0,0,0,0,0,0,0,0,0,0,0,0,0,0,0,0,0,0,0,0,0,0,0,0,0,0,0,0,0,0,0,0,0,0,0,0,0,0,0,0,0,0,0,0,0,0,0,0,0,0,0,0,0,0,0,0,0,0,0,0,0,0,0,0,0,0,0,0,0,0,0,0,0,0,0,0,0,0],"INTERSECTION":[2,0,0,0,0,0,0,0,0,0,0,0,0,0,0,0,0,0,0,0,0,0,0,0,0,0,0,0,0,0,0,0,0,0,0,0,0,0,0,0,0,0,0,0,0,0,0,0,0,0,0,0,0,0,0,0,0,0,0,0,0,0,0,0,0,0,0,0,0,0,0,0,0,0,0,0,0,0,0,0,0,0,0,0,0,0,0,0,0,0,0,0,0,0,0,0,0,0,0,1],"MAX":[2,0,0,0,0,0,0,0,1,0,0,0,0,0,0,0,0,0,0,0,0,0,0,0,0,0,0,0,0,0,0,0,0,0,0,0,0,0,0,0,0,0,0,0,0,0,0,0,0,0,0,0,0,0,0,0,0,0,0,0,0,0,0,0,0,0,0,0,0,0,0,0,0,0,0,0,0,0,0,0,0,0,0,0,0,0,0,0,0,0,0,0,0,0,0,0,0,0,0,0]},"top_comparisons":[{"first_submission":"Veysel İmrak","second_submission":"Selim İnanır","similarities":{"AVG":0.05217391304347826,"MAX":0.08888888888888889}},{"first_submission":"Veysel İmrak","second_submission":"Hakan Değer","similarities":{"AVG":0.0,"MAX":0.0}},{"first_submission":"Hakan Değer","second_submission":"Selim İnanır","similarities":{"AVG":0.0,"MAX":0.0}}],"clusters":[],"total_comparisons":3}