{"id1":"Veysel İmrak","id2":"Selim İnanır","similarities":{"AVG":0.05217391304347826,"MAX":0.08888888888888889},"matches":[{"firstFile":"Veysel İmrak\\similarity_algorithms.py","secondFile":"Selim İnanır\\compare.py","startInFirst":{"line":1,"column":0,"tokenListIndex":0},"endInFirst":{"line":10,"column":49,"tokenListIndex":11},"startInSecond":{"line":4,"column":0,"tokenListIndex":3},"endInSecond":{"line":25,"column":11,"tokenListIndex":14},"tokens":12}],"first_similarity":0.08888888888888889,"second_similarity":0.036923076923076927}