{"jplag_version":{"major":6,"minor":0,"patch":0},"submission_folder_path":["C:\\Users\\hakan\\OneDrive\\Masaüstü\\deneme\\uploads\\jplag3"],"base_code_folder_path":"","language":"java","file_extensions":[".java",".JAVA"],"submission_id_to_display_name":{"Hakan Değer":"Hakan Değer","Emre Almamış":"Emre Almamış"},"submission_ids_to_comparison_file_name":{"Hakan Değer":{"Emre Almamış":"Emre Almamış-Hakan Değer.json"},"Emre Almamış":{"Hakan Değer":"Emre Almamış-Hakan Değer.json"}},"failed_submission_names":[],"excluded_files":[],"match_sensitivity":9,"date_of_execution":"28/04/25","execution_time":25,"distributions":{"AVG":[0,0,0,0,0,0,0,0,0,0,0,0,0,0,0,0,0,0,0,0,0,0,0,0,0,0,0,0,0,0,0,0,0,0,0,0,0,0,0,0,0,0,0,0,0,0,0,0,0,0,0,0,0,0,0,0,0,0,0,0,0,0,0,0,0,0,0,0,0,0,0,0,0,0,0,0,0,0,0,0,0,0,0,0,0,0,0,0,0,0,0,0,0,0,0,0,0,0,0,1],"MIN":[0,0,0,0,0,0,0,0,0,0,0,0,0,0,0,0,0,0,0,0,0,0,0,0,0,0,0,0,0,0,0,0,0,0,0,0,0,0,0,0,0,0,0,0,0,0,0,0,0,0,0,0,0,0,0,0,0,0,0,0,0,0,0,0,0,0,0,0,0,0,0,0,0,0,0,0,0,0,0,0,0,0,0,0,0,0,0,0,0,0,0,0,0,0,0,0,0,0,0,1],"INTERSECTION":[0,0,0,0,0,0,0,0,0,0,0,0,0,0,0,0,0,0,0,0,0,0,0,0,0,0,0,0,0,0,0,0,0,0,0,0,0,0,0,0,0,0,0,0,0,0,0,0,0,0,0,0,0,0,0,0,0,0,0,0,0,0,0,0,0,0,0,0,0,0,0,0,0,0,0,0,0,0,0,0,0,0,0,0,0,0,0,0,0,0,0,0,0,0,0,0,0,0,0,1],"MAX":[0,0,0,0,0,0,0,0,0,0,0,0,0,0,0,0,0,0,0,0,0,0,0,0,0,0,0,0,0,0,0,0,0,0,0,0,0,0,0,0,0,0,0,0,0,0,0,0,0,0,0,0,0,0,0,0,0,0,0,0,0,0,0,0,0,0,0,0,0,0,0,0,0,0,0,0,0,0,0,0,0,0,0,0,0,0,0,0,0,0,0,0,0,0,0,0,0,0,0,1]},"top_comparisons":[{"first_submission":"Emre Almamış","second_submission":"Hakan Değer","similarities":{"MAX":1.0,"AVG":1.0}}],"clusters":[],"total_comparisons":1}