{"id1":"Hakan d","id2":"Hakan Değer","similarities":{"MAX":0.23076923076923078,"AVG":0.14328358208955225},"matches":[{"firstFile":"Hakan d\\upload.py","secondFile":"Hakan Değer\\upload.py","startInFirst":{"line":56,"column":25,"tokenListIndex":77},"endInFirst":{"line":73,"column":25,"tokenListIndex":100},"startInSecond":{"line":204,"column":25,"tokenListIndex":172},"endInSecond":{"line":226,"column":25,"tokenListIndex":195},"tokens":24}],"first_similarity":0.23076923076923078,"second_similarity":0.1038961038961039}