{"language":"Python","min_token_match":12,"submission_directories":["C:\\Users\\hakan\\OneDrive\\Masaüstü\\deneme\\uploads\\jplag test"],"old_directories":[],"base_directory":null,"subdirectory_name":null,"file_suffixes":[".py"],"exclusion_file_name":null,"similarity_metric":"AVG","similarity_threshold":0.0,"max_comparisons":2500,"cluster":{"metric":"AVG","spectral_bandwidth":20.0,"spectral_gaussian_variance":0.0025000000000000005,"spectral_min_runs":5,"spectral_max_runs":50,"spectral_max_kmeans_iterations":200,"agglomerative_threshold":0.2,"preprocessor":"CUMULATIVE_DISTRIBUTION_FUNCTION","enabled":true,"algorithm":"SPECTRAL","inter_similarity":"AVERAGE","preprocessor_threshold":0.2,"preprocessor_percentile":0.5},"debugParser":false,"merging":{"enabled":false,"min_neighbour_length":2,"max_gap_size":6,"min_required_merges":6},"normalize":false}