{"id1":"Hakan Değer","id2":"Selim İnanır","similarities":{"MAX":0.6,"AVG":0.6},"matches":[{"firstFile":"Hakan Değer\\GoalsController.cs","secondFile":"Selim İnanır\\UserController.cs","startInFirst":{"line":32,"column":9,"tokenListIndex":35},"endInFirst":{"line":39,"column":61,"tokenListIndex":48},"startInSecond":{"line":22,"column":9,"tokenListIndex":18},"endInSecond":{"line":29,"column":55,"tokenListIndex":31},"tokens":14},{"firstFile":"Hakan Değer\\GoalsController.cs","secondFile":"Selim İnanır\\UserController.cs","startInFirst":{"line":21,"column":9,"tokenListIndex":17},"endInFirst":{"line":25,"column":76,"tokenListIndex":27},"startInSecond":{"line":42,"column":9,"tokenListIndex":41},"endInSecond":{"line":46,"column":76,"tokenListIndex":51},"tokens":11},{"firstFile":"Hakan Değer\\GoalsController.cs","secondFile":"Selim İnanır\\UserController.cs","startInFirst":{"line":51,"column":12,"tokenListIndex":61},"endInFirst":{"line":60,"column":19,"tokenListIndex":71},"startInSecond":{"line":49,"column":12,"tokenListIndex":54},"endInSecond":{"line":55,"column":18,"tokenListIndex":64},"tokens":11},{"firstFile":"Hakan Değer\\GoalsController.cs","secondFile":"Selim İnanır\\UserController.cs","startInFirst":{"line":1,"column":0,"tokenListIndex":0},"endInFirst":{"line":10,"column":18,"tokenListIndex":8},"startInSecond":{"line":2,"column":0,"tokenListIndex":1},"endInSecond":{"line":11,"column":18,"tokenListIndex":9},"tokens":9},{"firstFile":"Hakan Değer\\GoalsController.cs","secondFile":"Selim İnanır\\UserController.cs","startInFirst":{"line":65,"column":16,"tokenListIndex":75},"endInFirst":{"line":70,"column":26,"tokenListIndex":83},"startInSecond":{"line":63,"column":12,"tokenListIndex":78},"endInSecond":{"line":66,"column":22,"tokenListIndex":86},"tokens":9}],"first_similarity":0.6,"second_similarity":0.6}